,Date,Color,Count
0,1875,"(114, 116, 114)",6
1,1875,"(127, 127, 127)",5
2,1875,"(92, 64, 51)",4
3,1875,"(105, 105, 105)",4
4,1875,"(195, 195, 195)",4
5,1875,"(40, 40, 40)",1
6,1879,"(54, 69, 79)",2
7,1879,"(105, 105, 105)",2
8,1879,"(114, 116, 114)",2
9,1879,"(127, 127, 127)",2
10,1883,"(127, 127, 127)",4
11,1883,"(92, 64, 51)",1
12,1883,"(105, 105, 105)",1
13,1883,"(114, 116, 114)",1
14,1883,"(185, 122, 87)",1
15,1885,"(105, 105, 105)",3
16,1885,"(54, 69, 79)",1
17,1885,"(112, 128, 148)",1
18,1885,"(114, 116, 114)",1
19,1885,"(127, 127, 127)",1
20,1885,"(195, 195, 195)",1
21,1886,"(105, 105, 105)",1
22,1886,"(114, 116, 114)",1
23,1886,"(127, 127, 127)",1
24,1886,"(195, 195, 195)",1
25,1887,"(105, 105, 105)",2
26,1887,"(127, 127, 127)",2
27,1887,"(195, 195, 195)",2
28,1887,"(40, 40, 40)",1
29,1887,"(92, 64, 51)",1
30,1888,"(195, 195, 195)",5
31,1888,"(105, 105, 105)",3
32,1888,"(127, 127, 127)",3
33,1888,"(54, 69, 79)",2
34,1888,"(185, 122, 87)",2
35,1888,"(92, 64, 51)",1
36,1889,"(105, 105, 105)",5
37,1889,"(54, 69, 79)",4
38,1889,"(127, 127, 127)",3
39,1889,"(40, 40, 40)",2
40,1889,"(92, 64, 51)",2
41,1889,"(112, 146, 190)",1
42,1889,"(114, 116, 114)",1
43,1889,"(149, 69, 53)",1
44,1889,"(185, 122, 87)",1
45,1890,"(127, 127, 127)",3
46,1890,"(195, 195, 195)",2
47,1890,"(54, 69, 79)",1
48,1890,"(105, 105, 105)",1
49,1890,"(185, 122, 87)",1
50,1891,"(195, 195, 195)",2
51,1891,"(112, 128, 148)",1
52,1891,"(112, 146, 190)",1
53,1892,"(40, 40, 40)",3
54,1892,"(105, 105, 105)",2
55,1892,"(54, 69, 79)",1
56,1892,"(185, 122, 87)",1
57,1892,"(195, 195, 195)",1
58,1893,"(92, 64, 51)",4
59,1893,"(40, 40, 40)",3
60,1893,"(105, 105, 105)",1
61,1893,"(114, 116, 114)",1
62,1893,"(127, 127, 127)",1
63,1893,"(149, 69, 53)",1
64,1893,"(185, 122, 87)",1
65,1894,"(92, 64, 51)",2
66,1894,"(127, 127, 127)",2
67,1894,"(114, 116, 114)",1
68,1894,"(185, 122, 87)",1
69,1894,"(195, 195, 195)",1
70,1894,"(239, 228, 176)",1
71,1895,"(92, 64, 51)",3
72,1895,"(40, 40, 40)",2
73,1895,"(185, 122, 87)",2
74,1895,"(105, 105, 105)",1
75,1895,"(114, 116, 114)",1
76,1895,"(127, 127, 127)",1
77,1895,"(149, 69, 53)",1
78,1895,"(195, 195, 195)",1
79,1896,"(40, 40, 40)",2
80,1896,"(92, 64, 51)",1
81,1896,"(195, 195, 195)",1
82,1897,"(54, 69, 79)",3
83,1897,"(105, 105, 105)",2
84,1897,"(112, 128, 148)",1
85,1897,"(114, 116, 114)",1
86,1897,"(127, 127, 127)",1
87,1898,"(40, 40, 40)",1
88,1898,"(92, 64, 51)",1
89,1898,"(114, 116, 114)",1
90,1898,"(185, 122, 87)",1
91,1899,"(40, 40, 40)",2
92,1899,"(92, 64, 51)",2
93,1899,"(114, 116, 114)",1
94,1899,"(127, 127, 127)",1
95,1899,"(185, 122, 87)",1
96,1899,"(195, 195, 195)",1
97,1900,"(127, 127, 127)",6
98,1900,"(114, 116, 114)",4
99,1900,"(54, 69, 79)",3
100,1900,"(40, 40, 40)",2
101,1900,"(92, 64, 51)",2
102,1900,"(105, 105, 105)",2
103,1900,"(185, 122, 87)",2
104,1900,"(195, 195, 195)",2
105,1900,"(149, 69, 53)",1
106,1901,"(40, 40, 40)",2
107,1901,"(54, 69, 79)",1
108,1901,"(92, 64, 51)",1
109,1902,"(92, 64, 51)",4
110,1902,"(40, 40, 40)",1
111,1902,"(105, 105, 105)",1
112,1902,"(114, 116, 114)",1
113,1902,"(195, 195, 195)",1
114,1903,"(112, 128, 148)",2
115,1903,"(54, 69, 79)",1
116,1903,"(105, 105, 105)",1
117,1904,"(185, 122, 87)",2
118,1904,"(92, 64, 51)",1
119,1904,"(114, 116, 114)",1
120,1905,"(127, 127, 127)",9
121,1905,"(92, 64, 51)",6
122,1905,"(195, 195, 195)",6
123,1905,"(185, 122, 87)",5
124,1905,"(54, 69, 79)",4
125,1905,"(105, 105, 105)",4
126,1905,"(149, 69, 53)",3
127,1905,"(114, 116, 114)",2
128,1905,"(40, 40, 40)",1
129,1906,"(127, 127, 127)",4
130,1906,"(149, 69, 53)",3
131,1906,"(185, 122, 87)",3
132,1906,"(54, 69, 79)",2
133,1906,"(92, 64, 51)",2
134,1906,"(114, 116, 114)",2
135,1906,"(195, 195, 195)",2
136,1906,"(40, 40, 40)",1
137,1906,"(105, 105, 105)",1
138,1907,"(105, 105, 105)",11
139,1907,"(127, 127, 127)",11
140,1907,"(195, 195, 195)",8
141,1907,"(185, 122, 87)",7
142,1907,"(40, 40, 40)",5
143,1907,"(92, 64, 51)",5
144,1907,"(114, 116, 114)",5
145,1907,"(54, 69, 79)",4
146,1907,"(112, 128, 148)",1
147,1907,"(112, 146, 190)",1
148,1907,"(149, 69, 53)",1
149,1907,"(239, 228, 176)",1
150,1908,"(127, 127, 127)",11
151,1908,"(92, 64, 51)",10
152,1908,"(54, 69, 79)",7
153,1908,"(105, 105, 105)",7
154,1908,"(40, 40, 40)",5
155,1908,"(114, 116, 114)",5
156,1908,"(185, 122, 87)",4
157,1908,"(149, 69, 53)",1
158,1908,"(195, 195, 195)",1
159,1908,"(239, 228, 176)",1
160,1909,"(105, 105, 105)",9
161,1909,"(92, 64, 51)",7
162,1909,"(195, 195, 195)",7
163,1909,"(127, 127, 127)",6
164,1909,"(54, 69, 79)",5
165,1909,"(185, 122, 87)",5
166,1909,"(40, 40, 40)",2
167,1909,"(149, 69, 53)",2
168,1909,"(239, 228, 176)",2
169,1909,"(63, 72, 204)",1
170,1909,"(112, 146, 190)",1
171,1909,"(114, 116, 114)",1
172,1910,"(127, 127, 127)",12
173,1910,"(105, 105, 105)",11
174,1910,"(40, 40, 40)",9
175,1910,"(54, 69, 79)",9
176,1910,"(92, 64, 51)",8
177,1910,"(185, 122, 87)",7
178,1910,"(195, 195, 195)",7
179,1910,"(114, 116, 114)",5
180,1910,"(149, 69, 53)",3
181,1910,"(112, 128, 148)",1
182,1911,"(105, 105, 105)",14
183,1911,"(54, 69, 79)",10
184,1911,"(127, 127, 127)",9
185,1911,"(92, 64, 51)",8
186,1911,"(185, 122, 87)",8
187,1911,"(40, 40, 40)",7
188,1911,"(195, 195, 195)",7
189,1911,"(114, 116, 114)",4
190,1911,"(149, 69, 53)",3
191,1911,"(112, 128, 148)",2
192,1912,"(127, 127, 127)",21
193,1912,"(92, 64, 51)",18
194,1912,"(185, 122, 87)",16
195,1912,"(195, 195, 195)",15
196,1912,"(54, 69, 79)",13
197,1912,"(105, 105, 105)",13
198,1912,"(40, 40, 40)",12
199,1912,"(114, 116, 114)",7
200,1912,"(149, 69, 53)",5
201,1912,"(112, 128, 148)",2
202,1912,"(112, 146, 190)",2
203,1912,"(255, 255, 255)",2
204,1912,"(0, 0, 0)",1
205,1912,"(200, 191, 231)",1
206,1913,"(127, 127, 127)",14
207,1913,"(195, 195, 195)",13
208,1913,"(105, 105, 105)",12
209,1913,"(54, 69, 79)",11
210,1913,"(92, 64, 51)",11
211,1913,"(114, 116, 114)",10
212,1913,"(40, 40, 40)",8
213,1913,"(112, 128, 148)",4
214,1913,"(185, 122, 87)",4
215,1913,"(149, 69, 53)",2
216,1913,"(0, 0, 0)",1
217,1913,"(112, 146, 190)",1
218,1913,"(200, 191, 231)",1
219,1914,"(127, 127, 127)",26
220,1914,"(195, 195, 195)",25
221,1914,"(105, 105, 105)",19
222,1914,"(92, 64, 51)",17
223,1914,"(40, 40, 40)",15
224,1914,"(54, 69, 79)",14
225,1914,"(114, 116, 114)",13
226,1914,"(185, 122, 87)",8
227,1914,"(149, 69, 53)",5
228,1914,"(112, 128, 148)",3
229,1914,"(239, 228, 176)",2
230,1914,"(112, 146, 190)",1
231,1915,"(127, 127, 127)",13
232,1915,"(195, 195, 195)",13
233,1915,"(40, 40, 40)",10
234,1915,"(105, 105, 105)",7
235,1915,"(54, 69, 79)",6
236,1915,"(92, 64, 51)",5
237,1915,"(112, 128, 148)",5
238,1915,"(112, 146, 190)",3
239,1915,"(114, 116, 114)",2
240,1915,"(149, 69, 53)",2
241,1915,"(185, 122, 87)",2
242,1916,"(105, 105, 105)",10
243,1916,"(127, 127, 127)",8
244,1916,"(92, 64, 51)",6
245,1916,"(195, 195, 195)",6
246,1916,"(40, 40, 40)",5
247,1916,"(185, 122, 87)",5
248,1916,"(54, 69, 79)",3
249,1916,"(149, 69, 53)",3
250,1916,"(114, 116, 114)",1
251,1916,"(239, 228, 176)",1
252,1917,"(92, 64, 51)",11
253,1917,"(40, 40, 40)",9
254,1917,"(127, 127, 127)",7
255,1917,"(185, 122, 87)",6
256,1917,"(105, 105, 105)",4
257,1917,"(195, 195, 195)",4
258,1917,"(54, 69, 79)",3
259,1917,"(114, 116, 114)",3
260,1917,"(149, 69, 53)",3
261,1917,"(181, 230, 29)",1
262,1917,"(200, 191, 231)",1
263,1918,"(195, 195, 195)",12
264,1918,"(92, 64, 51)",7
265,1918,"(40, 40, 40)",5
266,1918,"(105, 105, 105)",5
267,1918,"(127, 127, 127)",5
268,1918,"(185, 122, 87)",5
269,1918,"(54, 69, 79)",4
270,1918,"(114, 116, 114)",4
271,1918,"(112, 146, 190)",2
272,1918,"(149, 69, 53)",2
273,1918,"(239, 228, 176)",1
274,1919,"(185, 122, 87)",8
275,1919,"(195, 195, 195)",5
276,1919,"(40, 40, 40)",4
277,1919,"(92, 64, 51)",4
278,1919,"(105, 105, 105)",4
279,1919,"(149, 69, 53)",3
280,1919,"(54, 69, 79)",2
281,1919,"(112, 146, 190)",1
282,1919,"(114, 116, 114)",1
283,1920,"(195, 195, 195)",10
284,1920,"(127, 127, 127)",6
285,1920,"(54, 69, 79)",4
286,1920,"(92, 64, 51)",4
287,1920,"(105, 105, 105)",4
288,1920,"(185, 122, 87)",3
289,1920,"(40, 40, 40)",2
290,1920,"(114, 116, 114)",2
291,1920,"(149, 69, 53)",1
292,1921,"(40, 40, 40)",9
293,1921,"(92, 64, 51)",8
294,1921,"(195, 195, 195)",8
295,1921,"(185, 122, 87)",7
296,1921,"(105, 105, 105)",6
297,1921,"(127, 127, 127)",5
298,1921,"(54, 69, 79)",3
299,1921,"(114, 116, 114)",2
300,1921,"(112, 128, 148)",1
301,1921,"(200, 191, 231)",1
302,1921,"(239, 228, 176)",1
303,1921,"(255, 201, 14)",1
304,1922,"(185, 122, 87)",10
305,1922,"(92, 64, 51)",9
306,1922,"(195, 195, 195)",7
307,1922,"(40, 40, 40)",5
308,1922,"(127, 127, 127)",5
309,1922,"(54, 69, 79)",4
310,1922,"(105, 105, 105)",4
311,1922,"(114, 116, 114)",3
312,1922,"(149, 69, 53)",1
313,1923,"(195, 195, 195)",12
314,1923,"(127, 127, 127)",7
315,1923,"(92, 64, 51)",6
316,1923,"(185, 122, 87)",5
317,1923,"(40, 40, 40)",4
318,1923,"(105, 105, 105)",4
319,1923,"(114, 116, 114)",2
320,1923,"(54, 69, 79)",1
321,1923,"(149, 69, 53)",1
322,1923,"(200, 191, 231)",1
323,1923,"(203, 228, 253)",1
324,1924,"(92, 64, 51)",8
325,1924,"(40, 40, 40)",7
326,1924,"(127, 127, 127)",6
327,1924,"(105, 105, 105)",5
328,1924,"(195, 195, 195)",5
329,1924,"(114, 116, 114)",2
330,1924,"(149, 69, 53)",2
331,1924,"(255, 255, 255)",2
332,1924,"(54, 69, 79)",1
333,1924,"(112, 128, 148)",1
334,1924,"(185, 122, 87)",1
335,1925,"(195, 195, 195)",13
336,1925,"(92, 64, 51)",11
337,1925,"(105, 105, 105)",11
338,1925,"(127, 127, 127)",11
339,1925,"(40, 40, 40)",9
340,1925,"(114, 116, 114)",5
341,1925,"(185, 122, 87)",5
342,1925,"(54, 69, 79)",3
343,1925,"(149, 69, 53)",2
344,1925,"(239, 228, 176)",2
345,1925,"(0, 0, 0)",1
346,1925,"(112, 128, 148)",1
347,1925,"(237, 28, 36)",1
348,1925,"(255, 174, 201)",1
349,1926,"(195, 195, 195)",13
350,1926,"(92, 64, 51)",9
351,1926,"(185, 122, 87)",9
352,1926,"(40, 40, 40)",8
353,1926,"(105, 105, 105)",8
354,1926,"(127, 127, 127)",5
355,1926,"(54, 69, 79)",4
356,1926,"(114, 116, 114)",3
357,1926,"(149, 69, 53)",3
358,1926,"(203, 228, 253)",2
359,1926,"(112, 128, 148)",1
360,1926,"(112, 146, 190)",1
361,1926,"(200, 191, 231)",1
362,1926,"(255, 255, 255)",1
363,1927,"(40, 40, 40)",14
364,1927,"(105, 105, 105)",13
365,1927,"(127, 127, 127)",13
366,1927,"(92, 64, 51)",12
367,1927,"(185, 122, 87)",11
368,1927,"(195, 195, 195)",6
369,1927,"(54, 69, 79)",5
370,1927,"(114, 116, 114)",4
371,1927,"(0, 0, 0)",2
372,1927,"(112, 128, 148)",2
373,1927,"(149, 69, 53)",2
374,1927,"(200, 191, 231)",2
375,1927,"(112, 146, 190)",1
376,1927,"(203, 228, 253)",1
377,1928,"(40, 40, 40)",22
378,1928,"(195, 195, 195)",17
379,1928,"(92, 64, 51)",15
380,1928,"(105, 105, 105)",15
381,1928,"(127, 127, 127)",11
382,1928,"(185, 122, 87)",10
383,1928,"(54, 69, 79)",6
384,1928,"(114, 116, 114)",6
385,1928,"(149, 69, 53)",6
386,1928,"(112, 128, 148)",2
387,1928,"(112, 146, 190)",2
388,1929,"(40, 40, 40)",14
389,1929,"(195, 195, 195)",11
390,1929,"(54, 69, 79)",10
391,1929,"(127, 127, 127)",10
392,1929,"(92, 64, 51)",9
393,1929,"(105, 105, 105)",7
394,1929,"(185, 122, 87)",7
395,1929,"(149, 69, 53)",3
396,1929,"(203, 228, 253)",3
397,1929,"(112, 128, 148)",2
398,1929,"(255, 255, 255)",2
399,1929,"(112, 146, 190)",1
400,1929,"(200, 191, 231)",1
401,1930,"(195, 195, 195)",16
402,1930,"(92, 64, 51)",13
403,1930,"(127, 127, 127)",12
404,1930,"(40, 40, 40)",10
405,1930,"(105, 105, 105)",7
406,1930,"(114, 116, 114)",7
407,1930,"(54, 69, 79)",5
408,1930,"(112, 128, 148)",2
409,1930,"(149, 69, 53)",2
410,1930,"(185, 122, 87)",1
411,1930,"(239, 228, 176)",1
412,1931,"(92, 64, 51)",9
413,1931,"(105, 105, 105)",9
414,1931,"(40, 40, 40)",7
415,1931,"(127, 127, 127)",7
416,1931,"(195, 195, 195)",6
417,1931,"(185, 122, 87)",5
418,1931,"(54, 69, 79)",2
419,1931,"(114, 116, 114)",2
420,1931,"(149, 69, 53)",2
421,1931,"(112, 128, 148)",1
422,1931,"(153, 217, 234)",1
423,1931,"(203, 228, 253)",1
424,1932,"(195, 195, 195)",13
425,1932,"(105, 105, 105)",11
426,1932,"(40, 40, 40)",9
427,1932,"(127, 127, 127)",9
428,1932,"(185, 122, 87)",9
429,1932,"(92, 64, 51)",5
430,1932,"(54, 69, 79)",3
431,1932,"(114, 116, 114)",3
432,1932,"(149, 69, 53)",2
433,1932,"(112, 146, 190)",1
434,1932,"(181, 230, 29)",1
435,1932,"(203, 228, 253)",1
436,1932,"(255, 255, 255)",1
437,1933,"(40, 40, 40)",9
438,1933,"(105, 105, 105)",8
439,1933,"(54, 69, 79)",7
440,1933,"(127, 127, 127)",7
441,1933,"(92, 64, 51)",6
442,1933,"(185, 122, 87)",5
443,1933,"(195, 195, 195)",5
444,1933,"(114, 116, 114)",3
445,1933,"(112, 128, 148)",2
446,1933,"(239, 228, 176)",2
447,1933,"(149, 69, 53)",1
448,1933,"(203, 228, 253)",1
449,1934,"(40, 40, 40)",10
450,1934,"(92, 64, 51)",7
451,1934,"(195, 195, 195)",7
452,1934,"(127, 127, 127)",6
453,1934,"(185, 122, 87)",6
454,1934,"(105, 105, 105)",5
455,1934,"(114, 116, 114)",3
456,1934,"(54, 69, 79)",2
457,1934,"(0, 0, 0)",1
458,1934,"(112, 128, 148)",1
459,1935,"(92, 64, 51)",10
460,1935,"(127, 127, 127)",8
461,1935,"(185, 122, 87)",7
462,1935,"(105, 105, 105)",6
463,1935,"(195, 195, 195)",6
464,1935,"(40, 40, 40)",5
465,1935,"(54, 69, 79)",2
466,1935,"(149, 69, 53)",2
467,1935,"(114, 116, 114)",1
468,1935,"(239, 228, 176)",1
469,1936,"(40, 40, 40)",9
470,1936,"(92, 64, 51)",9
471,1936,"(105, 105, 105)",7
472,1936,"(127, 127, 127)",6
473,1936,"(112, 128, 148)",4
474,1936,"(195, 195, 195)",4
475,1936,"(149, 69, 53)",3
476,1936,"(185, 122, 87)",3
477,1936,"(54, 69, 79)",2
478,1936,"(255, 255, 255)",2
479,1936,"(0, 0, 0)",1
480,1936,"(112, 146, 190)",1
481,1936,"(203, 228, 253)",1
482,1937,"(92, 64, 51)",11
483,1937,"(105, 105, 105)",11
484,1937,"(127, 127, 127)",11
485,1937,"(40, 40, 40)",8
486,1937,"(54, 69, 79)",8
487,1937,"(195, 195, 195)",7
488,1937,"(114, 116, 114)",4
489,1937,"(112, 128, 148)",2
490,1937,"(112, 146, 190)",2
491,1937,"(203, 228, 253)",2
492,1937,"(153, 217, 234)",1
493,1937,"(255, 255, 255)",1
494,1938,"(92, 64, 51)",15
495,1938,"(185, 122, 87)",11
496,1938,"(105, 105, 105)",10
497,1938,"(127, 127, 127)",10
498,1938,"(195, 195, 195)",10
499,1938,"(54, 69, 79)",9
500,1938,"(40, 40, 40)",6
501,1938,"(149, 69, 53)",4
502,1938,"(114, 116, 114)",3
503,1938,"(112, 128, 148)",2
504,1938,"(112, 146, 190)",2
505,1938,"(239, 228, 176)",1
506,1938,"(255, 255, 255)",1
507,1939,"(127, 127, 127)",18
508,1939,"(105, 105, 105)",14
509,1939,"(92, 64, 51)",13
510,1939,"(40, 40, 40)",11
511,1939,"(195, 195, 195)",9
512,1939,"(114, 116, 114)",8
513,1939,"(54, 69, 79)",5
514,1939,"(185, 122, 87)",4
515,1939,"(200, 191, 231)",4
516,1939,"(112, 128, 148)",1
517,1939,"(203, 228, 253)",1
518,1940,"(127, 127, 127)",37
519,1940,"(92, 64, 51)",32
520,1940,"(105, 105, 105)",28
521,1940,"(195, 195, 195)",26
522,1940,"(40, 40, 40)",23
523,1940,"(54, 69, 79)",19
524,1940,"(114, 116, 114)",13
525,1940,"(185, 122, 87)",12
526,1940,"(112, 128, 148)",5
527,1940,"(112, 146, 190)",3
528,1940,"(149, 69, 53)",3
529,1940,"(200, 191, 231)",1
530,1940,"(203, 228, 253)",1
531,1940,"(239, 228, 176)",1
532,1941,"(92, 64, 51)",19
533,1941,"(127, 127, 127)",14
534,1941,"(40, 40, 40)",13
535,1941,"(185, 122, 87)",10
536,1941,"(105, 105, 105)",8
537,1941,"(195, 195, 195)",8
538,1941,"(149, 69, 53)",6
539,1941,"(114, 116, 114)",4
540,1941,"(54, 69, 79)",3
541,1941,"(239, 228, 176)",2
542,1941,"(123, 63, 0)",1
543,1942,"(92, 64, 51)",23
544,1942,"(40, 40, 40)",21
545,1942,"(127, 127, 127)",15
546,1942,"(105, 105, 105)",13
547,1942,"(195, 195, 195)",13
548,1942,"(185, 122, 87)",10
549,1942,"(114, 116, 114)",4
550,1942,"(149, 69, 53)",4
551,1942,"(54, 69, 79)",3
552,1942,"(112, 128, 148)",2
553,1942,"(239, 228, 176)",2
554,1942,"(112, 146, 190)",1
555,1942,"(181, 230, 29)",1
556,1943,"(40, 40, 40)",12
557,1943,"(92, 64, 51)",9
558,1943,"(185, 122, 87)",9
559,1943,"(195, 195, 195)",8
560,1943,"(105, 105, 105)",6
561,1943,"(54, 69, 79)",5
562,1943,"(127, 127, 127)",5
563,1943,"(114, 116, 114)",4
564,1943,"(200, 191, 231)",2
565,1943,"(112, 128, 148)",1
566,1943,"(112, 146, 190)",1
567,1943,"(149, 69, 53)",1
568,1943,"(181, 230, 29)",1
569,1944,"(185, 122, 87)",17
570,1944,"(92, 64, 51)",14
571,1944,"(195, 195, 195)",14
572,1944,"(40, 40, 40)",13
573,1944,"(127, 127, 127)",13
574,1944,"(105, 105, 105)",8
575,1944,"(54, 69, 79)",5
576,1944,"(114, 116, 114)",3
577,1944,"(181, 230, 29)",1
578,1945,"(105, 105, 105)",8
579,1945,"(92, 64, 51)",7
580,1945,"(127, 127, 127)",7
581,1945,"(195, 195, 195)",7
582,1945,"(54, 69, 79)",6
583,1945,"(114, 116, 114)",6
584,1945,"(40, 40, 40)",5
585,1945,"(112, 146, 190)",2
586,1945,"(255, 255, 255)",2
587,1945,"(185, 122, 87)",1
588,1945,"(255, 201, 14)",1
589,1946,"(105, 105, 105)",14
590,1946,"(127, 127, 127)",14
591,1946,"(92, 64, 51)",10
592,1946,"(195, 195, 195)",9
593,1946,"(40, 40, 40)",7
594,1946,"(185, 122, 87)",7
595,1946,"(54, 69, 79)",4
596,1946,"(114, 116, 114)",4
597,1946,"(149, 69, 53)",3
598,1946,"(255, 255, 255)",2
599,1946,"(203, 228, 253)",1
600,1946,"(239, 228, 176)",1
601,1947,"(105, 105, 105)",11
602,1947,"(54, 69, 79)",10
603,1947,"(40, 40, 40)",9
604,1947,"(195, 195, 195)",9
605,1947,"(92, 64, 51)",7
606,1947,"(185, 122, 87)",7
607,1947,"(127, 127, 127)",6
608,1947,"(114, 116, 114)",5
609,1947,"(112, 128, 148)",1
610,1947,"(112, 146, 190)",1
611,1947,"(149, 69, 53)",1
612,1947,"(203, 228, 253)",1
613,1948,"(195, 195, 195)",20
614,1948,"(92, 64, 51)",18
615,1948,"(40, 40, 40)",15
616,1948,"(127, 127, 127)",15
617,1948,"(185, 122, 87)",13
618,1948,"(105, 105, 105)",8
619,1948,"(239, 228, 176)",7
620,1948,"(54, 69, 79)",4
621,1948,"(114, 116, 114)",4
622,1948,"(149, 69, 53)",3
623,1948,"(200, 191, 231)",1
624,1949,"(127, 127, 127)",23
625,1949,"(40, 40, 40)",20
626,1949,"(92, 64, 51)",19
627,1949,"(195, 195, 195)",19
628,1949,"(105, 105, 105)",18
629,1949,"(54, 69, 79)",15
630,1949,"(114, 116, 114)",5
631,1949,"(203, 228, 253)",5
632,1949,"(149, 69, 53)",3
633,1949,"(185, 122, 87)",3
634,1949,"(239, 228, 176)",3
635,1949,"(255, 255, 255)",2
636,1949,"(112, 128, 148)",1
637,1950,"(195, 195, 195)",22
638,1950,"(127, 127, 127)",17
639,1950,"(185, 122, 87)",16
640,1950,"(105, 105, 105)",15
641,1950,"(92, 64, 51)",13
642,1950,"(40, 40, 40)",10
643,1950,"(54, 69, 79)",9
644,1950,"(149, 69, 53)",9
645,1950,"(239, 228, 176)",7
646,1950,"(114, 116, 114)",6
647,1950,"(203, 228, 253)",6
648,1950,"(255, 255, 255)",4
649,1950,"(112, 128, 148)",2
650,1950,"(63, 72, 204)",1
651,1950,"(112, 146, 190)",1
652,1950,"(181, 230, 29)",1
653,1950,"(200, 191, 231)",1
654,1951,"(195, 195, 195)",15
655,1951,"(127, 127, 127)",8
656,1951,"(114, 116, 114)",7
657,1951,"(185, 122, 87)",7
658,1951,"(92, 64, 51)",6
659,1951,"(40, 40, 40)",3
660,1951,"(105, 105, 105)",3
661,1951,"(239, 228, 176)",3
662,1951,"(255, 127, 39)",3
663,1951,"(54, 69, 79)",2
664,1951,"(149, 69, 53)",1
665,1951,"(200, 191, 231)",1
666,1951,"(255, 255, 255)",1
667,1952,"(40, 40, 40)",14
668,1952,"(92, 64, 51)",14
669,1952,"(195, 195, 195)",14
670,1952,"(127, 127, 127)",11
671,1952,"(105, 105, 105)",8
672,1952,"(54, 69, 79)",7
673,1952,"(239, 228, 176)",7
674,1952,"(112, 128, 148)",6
675,1952,"(114, 116, 114)",5
676,1952,"(185, 122, 87)",4
677,1952,"(149, 69, 53)",3
678,1952,"(0, 0, 0)",2
679,1952,"(203, 228, 253)",2
680,1952,"(112, 146, 190)",1
681,1952,"(181, 230, 29)",1
682,1952,"(255, 255, 255)",1
683,1953,"(92, 64, 51)",18
684,1953,"(105, 105, 105)",16
685,1953,"(195, 195, 195)",15
686,1953,"(40, 40, 40)",12
687,1953,"(127, 127, 127)",11
688,1953,"(185, 122, 87)",10
689,1953,"(54, 69, 79)",5
690,1953,"(114, 116, 114)",5
691,1953,"(149, 69, 53)",4
692,1953,"(203, 228, 253)",2
693,1953,"(239, 228, 176)",2
694,1954,"(195, 195, 195)",15
695,1954,"(127, 127, 127)",13
696,1954,"(40, 40, 40)",11
697,1954,"(185, 122, 87)",10
698,1954,"(105, 105, 105)",9
699,1954,"(149, 69, 53)",9
700,1954,"(54, 69, 79)",8
701,1954,"(92, 64, 51)",8
702,1954,"(114, 116, 114)",6
703,1954,"(200, 191, 231)",3
704,1954,"(203, 228, 253)",2
705,1954,"(239, 228, 176)",2
706,1954,"(0, 0, 0)",1
707,1954,"(112, 128, 148)",1
708,1954,"(112, 146, 190)",1
709,1954,"(255, 255, 255)",1
710,1955,"(195, 195, 195)",18
711,1955,"(185, 122, 87)",13
712,1955,"(40, 40, 40)",11
713,1955,"(127, 127, 127)",10
714,1955,"(105, 105, 105)",9
715,1955,"(54, 69, 79)",8
716,1955,"(92, 64, 51)",7
717,1955,"(239, 228, 176)",6
718,1955,"(112, 128, 148)",5
719,1955,"(114, 116, 114)",4
720,1955,"(255, 255, 255)",4
721,1955,"(149, 69, 53)",3
722,1955,"(112, 146, 190)",1
723,1955,"(200, 191, 231)",1
724,1956,"(40, 40, 40)",23
725,1956,"(105, 105, 105)",20
726,1956,"(127, 127, 127)",19
727,1956,"(54, 69, 79)",14
728,1956,"(92, 64, 51)",14
729,1956,"(195, 195, 195)",13
730,1956,"(185, 122, 87)",12
731,1956,"(114, 116, 114)",5
732,1956,"(149, 69, 53)",5
733,1956,"(255, 255, 255)",3
734,1956,"(203, 228, 253)",2
735,1956,"(239, 228, 176)",2
736,1957,"(195, 195, 195)",20
737,1957,"(40, 40, 40)",19
738,1957,"(54, 69, 79)",15
739,1957,"(127, 127, 127)",12
740,1957,"(92, 64, 51)",9
741,1957,"(105, 105, 105)",8
742,1957,"(239, 228, 176)",8
743,1957,"(114, 116, 114)",6
744,1957,"(185, 122, 87)",4
745,1957,"(255, 255, 255)",3
746,1957,"(112, 128, 148)",2
747,1957,"(149, 69, 53)",2
748,1957,"(63, 72, 204)",1
749,1957,"(112, 146, 190)",1
750,1957,"(200, 191, 231)",1
751,1957,"(203, 228, 253)",1
752,1958,"(195, 195, 195)",15
753,1958,"(40, 40, 40)",13
754,1958,"(92, 64, 51)",13
755,1958,"(127, 127, 127)",11
756,1958,"(185, 122, 87)",11
757,1958,"(54, 69, 79)",7
758,1958,"(105, 105, 105)",6
759,1958,"(239, 228, 176)",6
760,1958,"(255, 255, 255)",5
761,1958,"(114, 116, 114)",4
762,1958,"(112, 146, 190)",3
763,1958,"(63, 72, 204)",1
764,1958,"(149, 69, 53)",1
765,1959,"(195, 195, 195)",27
766,1959,"(127, 127, 127)",22
767,1959,"(40, 40, 40)",21
768,1959,"(105, 105, 105)",16
769,1959,"(92, 64, 51)",14
770,1959,"(54, 69, 79)",10
771,1959,"(185, 122, 87)",10
772,1959,"(0, 0, 0)",5
773,1959,"(149, 69, 53)",5
774,1959,"(239, 228, 176)",4
775,1959,"(203, 228, 253)",3
776,1959,"(255, 201, 14)",3
777,1959,"(255, 255, 255)",3
778,1959,"(63, 72, 204)",1
779,1959,"(112, 128, 148)",1
780,1959,"(114, 116, 114)",1
781,1959,"(200, 191, 231)",1
782,1959,"(255, 127, 39)",1
783,1960,"(195, 195, 195)",22
784,1960,"(40, 40, 40)",18
785,1960,"(54, 69, 79)",16
786,1960,"(127, 127, 127)",15
787,1960,"(92, 64, 51)",14
788,1960,"(105, 105, 105)",12
789,1960,"(149, 69, 53)",10
790,1960,"(114, 116, 114)",6
791,1960,"(185, 122, 87)",6
792,1960,"(255, 255, 255)",6
793,1960,"(112, 128, 148)",3
794,1960,"(123, 63, 0)",2
795,1960,"(239, 228, 176)",2
796,1960,"(112, 146, 190)",1
797,1960,"(153, 217, 234)",1
798,1960,"(200, 191, 231)",1
799,1960,"(203, 228, 253)",1
800,1961,"(195, 195, 195)",32
801,1961,"(185, 122, 87)",22
802,1961,"(92, 64, 51)",19
803,1961,"(40, 40, 40)",15
804,1961,"(105, 105, 105)",14
805,1961,"(127, 127, 127)",13
806,1961,"(239, 228, 176)",10
807,1961,"(54, 69, 79)",9
808,1961,"(255, 255, 255)",9
809,1961,"(114, 116, 114)",8
810,1961,"(203, 228, 253)",6
811,1961,"(63, 72, 204)",4
812,1961,"(149, 69, 53)",4
813,1961,"(112, 146, 190)",3
814,1961,"(200, 191, 231)",3
815,1961,"(0, 0, 0)",1
816,1961,"(112, 128, 148)",1
817,1961,"(123, 63, 0)",1
818,1961,"(255, 127, 39)",1
819,1961,"(255, 201, 14)",1
820,1962,"(195, 195, 195)",29
821,1962,"(127, 127, 127)",26
822,1962,"(40, 40, 40)",19
823,1962,"(54, 69, 79)",16
824,1962,"(105, 105, 105)",15
825,1962,"(92, 64, 51)",14
826,1962,"(114, 116, 114)",11
827,1962,"(185, 122, 87)",6
828,1962,"(112, 128, 148)",5
829,1962,"(149, 69, 53)",5
830,1962,"(255, 255, 255)",5
831,1962,"(112, 146, 190)",2
832,1962,"(203, 228, 253)",2
833,1962,"(239, 228, 176)",2
834,1962,"(0, 0, 0)",1
835,1962,"(153, 217, 234)",1
836,1962,"(200, 191, 231)",1
837,1963,"(40, 40, 40)",26
838,1963,"(195, 195, 195)",26
839,1963,"(127, 127, 127)",22
840,1963,"(92, 64, 51)",18
841,1963,"(105, 105, 105)",16
842,1963,"(149, 69, 53)",13
843,1963,"(54, 69, 79)",11
844,1963,"(185, 122, 87)",9
845,1963,"(114, 116, 114)",6
846,1963,"(239, 228, 176)",5
847,1963,"(112, 146, 190)",3
848,1963,"(200, 191, 231)",2
849,1963,"(203, 228, 253)",2
850,1963,"(255, 255, 255)",2
851,1963,"(63, 72, 204)",1
852,1963,"(112, 128, 148)",1
853,1963,"(255, 127, 39)",1
854,1964,"(195, 195, 195)",44
855,1964,"(40, 40, 40)",19
856,1964,"(92, 64, 51)",18
857,1964,"(127, 127, 127)",17
858,1964,"(54, 69, 79)",14
859,1964,"(185, 122, 87)",12
860,1964,"(105, 105, 105)",10
861,1964,"(149, 69, 53)",9
862,1964,"(239, 228, 176)",9
863,1964,"(203, 228, 253)",7
864,1964,"(255, 255, 255)",6
865,1964,"(112, 128, 148)",5
866,1964,"(112, 146, 190)",4
867,1964,"(34, 177, 76)",2
868,1964,"(114, 116, 114)",2
869,1964,"(136, 0, 21)",1
870,1964,"(255, 127, 39)",1
871,1965,"(40, 40, 40)",17
872,1965,"(195, 195, 195)",17
873,1965,"(92, 64, 51)",13
874,1965,"(127, 127, 127)",11
875,1965,"(185, 122, 87)",11
876,1965,"(105, 105, 105)",10
877,1965,"(54, 69, 79)",9
878,1965,"(149, 69, 53)",8
879,1965,"(114, 116, 114)",7
880,1965,"(239, 228, 176)",6
881,1965,"(255, 255, 255)",4
882,1965,"(200, 191, 231)",2
883,1965,"(203, 228, 253)",2
884,1965,"(63, 72, 204)",1
885,1965,"(112, 128, 148)",1
886,1965,"(112, 146, 190)",1
887,1966,"(195, 195, 195)",20
888,1966,"(127, 127, 127)",15
889,1966,"(239, 228, 176)",14
890,1966,"(40, 40, 40)",12
891,1966,"(92, 64, 51)",11
892,1966,"(105, 105, 105)",10
893,1966,"(185, 122, 87)",9
894,1966,"(149, 69, 53)",6
895,1966,"(203, 228, 253)",6
896,1966,"(114, 116, 114)",4
897,1966,"(200, 191, 231)",4
898,1966,"(255, 255, 255)",4
899,1966,"(54, 69, 79)",3
900,1966,"(112, 128, 148)",2
901,1966,"(112, 146, 190)",2
902,1966,"(123, 63, 0)",1
903,1966,"(255, 127, 39)",1
904,1967,"(195, 195, 195)",22
905,1967,"(127, 127, 127)",12
906,1967,"(92, 64, 51)",8
907,1967,"(105, 105, 105)",8
908,1967,"(185, 122, 87)",8
909,1967,"(40, 40, 40)",7
910,1967,"(149, 69, 53)",7
911,1967,"(255, 255, 255)",6
912,1967,"(114, 116, 114)",4
913,1967,"(200, 191, 231)",4
914,1967,"(239, 228, 176)",4
915,1967,"(54, 69, 79)",3
916,1967,"(136, 0, 21)",2
917,1967,"(203, 228, 253)",2
918,1967,"(112, 128, 148)",1
919,1967,"(112, 146, 190)",1
920,1967,"(181, 230, 29)",1
921,1968,"(195, 195, 195)",35
922,1968,"(185, 122, 87)",23
923,1968,"(127, 127, 127)",14
924,1968,"(54, 69, 79)",12
925,1968,"(105, 105, 105)",10
926,1968,"(239, 228, 176)",8
927,1968,"(255, 255, 255)",8
928,1968,"(203, 228, 253)",7
929,1968,"(40, 40, 40)",6
930,1968,"(114, 116, 114)",6
931,1968,"(200, 191, 231)",6
932,1968,"(149, 69, 53)",5
933,1968,"(92, 64, 51)",3
934,1968,"(112, 146, 190)",3
935,1968,"(112, 128, 148)",1
936,1968,"(237, 28, 36)",1
937,1969,"(127, 127, 127)",19
938,1969,"(185, 122, 87)",18
939,1969,"(195, 195, 195)",18
940,1969,"(105, 105, 105)",11
941,1969,"(92, 64, 51)",8
942,1969,"(40, 40, 40)",7
943,1969,"(112, 146, 190)",6
944,1969,"(114, 116, 114)",6
945,1969,"(54, 69, 79)",5
946,1969,"(149, 69, 53)",4
947,1969,"(203, 228, 253)",3
948,1969,"(239, 228, 176)",3
949,1969,"(112, 128, 148)",2
950,1969,"(255, 201, 14)",1
951,1969,"(255, 255, 255)",1
952,1970,"(195, 195, 195)",17
953,1970,"(127, 127, 127)",12
954,1970,"(105, 105, 105)",9
955,1970,"(54, 69, 79)",7
956,1970,"(40, 40, 40)",5
957,1970,"(92, 64, 51)",5
958,1970,"(239, 228, 176)",3
959,1970,"(112, 128, 148)",2
960,1970,"(112, 146, 190)",2
961,1970,"(114, 116, 114)",2
962,1970,"(185, 122, 87)",2
963,1970,"(200, 191, 231)",2
964,1970,"(203, 228, 253)",2
965,1970,"(255, 255, 255)",2
966,1971,"(195, 195, 195)",12
967,1971,"(127, 127, 127)",7
968,1971,"(203, 228, 253)",6
969,1971,"(40, 40, 40)",5
970,1971,"(105, 105, 105)",5
971,1971,"(185, 122, 87)",5
972,1971,"(239, 228, 176)",4
973,1971,"(255, 255, 255)",4
974,1971,"(112, 146, 190)",3
975,1971,"(54, 69, 79)",2
976,1971,"(92, 64, 51)",2
977,1971,"(114, 116, 114)",2
978,1971,"(255, 127, 39)",2
979,1971,"(200, 191, 231)",1
980,1972,"(127, 127, 127)",10
981,1972,"(195, 195, 195)",8
982,1972,"(92, 64, 51)",6
983,1972,"(203, 228, 253)",6
984,1972,"(255, 255, 255)",6
985,1972,"(105, 105, 105)",5
986,1972,"(185, 122, 87)",5
987,1972,"(149, 69, 53)",4
988,1972,"(40, 40, 40)",2
989,1972,"(54, 69, 79)",2
990,1972,"(114, 116, 114)",2
991,1972,"(239, 228, 176)",2
992,1972,"(0, 0, 0)",1
993,1972,"(112, 128, 148)",1
994,1973,"(195, 195, 195)",12
995,1973,"(54, 69, 79)",7
996,1973,"(185, 122, 87)",7
997,1973,"(112, 128, 148)",6
998,1973,"(40, 40, 40)",4
999,1973,"(92, 64, 51)",4
1000,1973,"(149, 69, 53)",4
1001,1973,"(105, 105, 105)",3
1002,1973,"(127, 127, 127)",3
1003,1973,"(239, 228, 176)",3
1004,1973,"(112, 146, 190)",2
1005,1973,"(114, 116, 114)",1
1006,1974,"(195, 195, 195)",28
1007,1974,"(127, 127, 127)",15
1008,1974,"(92, 64, 51)",9
1009,1974,"(105, 105, 105)",7
1010,1974,"(185, 122, 87)",5
1011,1974,"(40, 40, 40)",4
1012,1974,"(54, 69, 79)",4
1013,1974,"(203, 228, 253)",4
1014,1974,"(114, 116, 114)",3
1015,1974,"(239, 228, 176)",3
1016,1974,"(149, 69, 53)",2
1017,1974,"(255, 255, 255)",2
1018,1974,"(0, 0, 0)",1
1019,1974,"(200, 191, 231)",1
1020,1975,"(195, 195, 195)",20
1021,1975,"(105, 105, 105)",11
1022,1975,"(127, 127, 127)",11
1023,1975,"(203, 228, 253)",9
1024,1975,"(54, 69, 79)",5
1025,1975,"(239, 228, 176)",5
1026,1975,"(40, 40, 40)",4
1027,1975,"(92, 64, 51)",4
1028,1975,"(114, 116, 114)",4
1029,1975,"(185, 122, 87)",4
1030,1975,"(200, 191, 231)",3
1031,1975,"(255, 255, 255)",3
1032,1975,"(112, 128, 148)",2
1033,1975,"(112, 146, 190)",1
1034,1975,"(149, 69, 53)",1
1035,1975,"(237, 28, 36)",1
1036,1976,"(195, 195, 195)",21
1037,1976,"(127, 127, 127)",15
1038,1976,"(40, 40, 40)",11
1039,1976,"(105, 105, 105)",11
1040,1976,"(149, 69, 53)",10
1041,1976,"(54, 69, 79)",9
1042,1976,"(92, 64, 51)",9
1043,1976,"(185, 122, 87)",6
1044,1976,"(112, 128, 148)",4
1045,1976,"(114, 116, 114)",3
1046,1976,"(239, 228, 176)",2
1047,1976,"(255, 255, 255)",2
1048,1976,"(123, 63, 0)",1
1049,1976,"(136, 0, 21)",1
1050,1976,"(181, 230, 29)",1
1051,1976,"(200, 191, 231)",1
1052,1976,"(203, 228, 253)",1
1053,1977,"(195, 195, 195)",28
1054,1977,"(92, 64, 51)",18
1055,1977,"(127, 127, 127)",14
1056,1977,"(105, 105, 105)",8
1057,1977,"(200, 191, 231)",5
1058,1977,"(203, 228, 253)",5
1059,1977,"(40, 40, 40)",4
1060,1977,"(114, 116, 114)",4
1061,1977,"(54, 69, 79)",3
1062,1977,"(112, 146, 190)",3
1063,1977,"(185, 122, 87)",3
1064,1977,"(112, 128, 148)",1
1065,1978,"(92, 64, 51)",8
1066,1978,"(54, 69, 79)",7
1067,1978,"(40, 40, 40)",6
1068,1978,"(127, 127, 127)",6
1069,1978,"(195, 195, 195)",6
1070,1978,"(105, 105, 105)",5
1071,1978,"(149, 69, 53)",4
1072,1978,"(185, 122, 87)",4
1073,1978,"(114, 116, 114)",2
1074,1978,"(200, 191, 231)",2
1075,1978,"(239, 228, 176)",2
1076,1978,"(255, 255, 255)",2
1077,1978,"(112, 128, 148)",1
1078,1978,"(123, 63, 0)",1
1079,1979,"(40, 40, 40)",18
1080,1979,"(185, 122, 87)",10
1081,1979,"(195, 195, 195)",10
1082,1979,"(92, 64, 51)",9
1083,1979,"(127, 127, 127)",9
1084,1979,"(105, 105, 105)",5
1085,1979,"(114, 116, 114)",3
1086,1979,"(203, 228, 253)",3
1087,1979,"(255, 201, 14)",3
1088,1979,"(149, 69, 53)",2
1089,1979,"(0, 0, 0)",1
1090,1979,"(54, 69, 79)",1
1091,1979,"(112, 128, 148)",1
1092,1979,"(255, 255, 255)",1
1093,1980,"(195, 195, 195)",9
1094,1980,"(105, 105, 105)",5
1095,1980,"(114, 116, 114)",4
1096,1980,"(127, 127, 127)",4
1097,1980,"(54, 69, 79)",3
1098,1980,"(185, 122, 87)",3
1099,1980,"(40, 40, 40)",2
1100,1980,"(92, 64, 51)",2
1101,1980,"(203, 228, 253)",2
1102,1980,"(255, 255, 255)",2
1103,1981,"(195, 195, 195)",13
1104,1981,"(127, 127, 127)",12
1105,1981,"(92, 64, 51)",11
1106,1981,"(105, 105, 105)",10
1107,1981,"(149, 69, 53)",8
1108,1981,"(40, 40, 40)",7
1109,1981,"(54, 69, 79)",5
1110,1981,"(255, 255, 255)",5
1111,1981,"(185, 122, 87)",3
1112,1981,"(200, 191, 231)",3
1113,1981,"(203, 228, 253)",3
1114,1981,"(239, 228, 176)",3
1115,1981,"(112, 128, 148)",2
1116,1981,"(112, 146, 190)",2
1117,1981,"(114, 116, 114)",1
1118,1982,"(195, 195, 195)",9
1119,1982,"(40, 40, 40)",7
1120,1982,"(54, 69, 79)",6
1121,1982,"(92, 64, 51)",6
1122,1982,"(127, 127, 127)",6
1123,1982,"(185, 122, 87)",4
1124,1982,"(114, 116, 114)",3
1125,1982,"(203, 228, 253)",3
1126,1982,"(237, 28, 36)",3
1127,1982,"(105, 105, 105)",2
1128,1982,"(149, 69, 53)",2
1129,1982,"(200, 191, 231)",2
1130,1982,"(255, 255, 255)",2
1131,1982,"(239, 228, 176)",1
1132,1983,"(195, 195, 195)",12
1133,1983,"(127, 127, 127)",8
1134,1983,"(105, 105, 105)",6
1135,1983,"(92, 64, 51)",5
1136,1983,"(185, 122, 87)",4
1137,1983,"(40, 40, 40)",2
1138,1983,"(114, 116, 114)",2
1139,1983,"(255, 255, 255)",2
1140,1983,"(54, 69, 79)",1
1141,1983,"(112, 128, 148)",1
1142,1983,"(112, 146, 190)",1
1143,1984,"(195, 195, 195)",11
1144,1984,"(40, 40, 40)",7
1145,1984,"(92, 64, 51)",6
1146,1984,"(127, 127, 127)",6
1147,1984,"(54, 69, 79)",4
1148,1984,"(105, 105, 105)",4
1149,1984,"(185, 122, 87)",4
1150,1984,"(255, 255, 255)",3
1151,1984,"(203, 228, 253)",2
1152,1984,"(239, 228, 176)",2
1153,1984,"(114, 116, 114)",1
1154,1984,"(149, 69, 53)",1
1155,1984,"(200, 191, 231)",1
1156,1985,"(92, 64, 51)",6
1157,1985,"(185, 122, 87)",5
1158,1985,"(195, 195, 195)",5
1159,1985,"(40, 40, 40)",4
1160,1985,"(54, 69, 79)",4
1161,1985,"(105, 105, 105)",4
1162,1985,"(114, 116, 114)",4
1163,1985,"(149, 69, 53)",4
1164,1985,"(112, 146, 190)",3
1165,1985,"(127, 127, 127)",3
1166,1985,"(200, 191, 231)",2
1167,1985,"(203, 228, 253)",1
1168,1985,"(239, 228, 176)",1
1169,1985,"(255, 127, 39)",1
1170,1985,"(255, 201, 14)",1
1171,1986,"(185, 122, 87)",8
1172,1986,"(195, 195, 195)",8
1173,1986,"(105, 105, 105)",7
1174,1986,"(40, 40, 40)",5
1175,1986,"(92, 64, 51)",3
1176,1986,"(127, 127, 127)",3
1177,1986,"(149, 69, 53)",3
1178,1986,"(255, 255, 255)",2
1179,1986,"(54, 69, 79)",1
1180,1986,"(112, 128, 148)",1
1181,1986,"(112, 146, 190)",1
1182,1986,"(200, 191, 231)",1
1183,1986,"(239, 228, 176)",1
1184,1987,"(185, 122, 87)",17
1185,1987,"(195, 195, 195)",16
1186,1987,"(112, 146, 190)",14
1187,1987,"(127, 127, 127)",14
1188,1987,"(112, 128, 148)",8
1189,1987,"(92, 64, 51)",7
1190,1987,"(114, 116, 114)",6
1191,1987,"(54, 69, 79)",5
1192,1987,"(149, 69, 53)",5
1193,1987,"(40, 40, 40)",4
1194,1987,"(105, 105, 105)",4
1195,1987,"(239, 228, 176)",2
1196,1987,"(203, 228, 253)",1
1197,1987,"(255, 255, 255)",1
1198,1988,"(195, 195, 195)",14
1199,1988,"(127, 127, 127)",9
1200,1988,"(40, 40, 40)",8
1201,1988,"(92, 64, 51)",4
1202,1988,"(114, 116, 114)",4
1203,1988,"(203, 228, 253)",4
1204,1988,"(112, 128, 148)",3
1205,1988,"(54, 69, 79)",2
1206,1988,"(105, 105, 105)",2
1207,1988,"(200, 191, 231)",2
1208,1988,"(112, 146, 190)",1
1209,1988,"(185, 122, 87)",1
1210,1988,"(239, 228, 176)",1
1211,1988,"(255, 255, 255)",1
1212,1989,"(105, 105, 105)",11
1213,1989,"(40, 40, 40)",6
1214,1989,"(127, 127, 127)",6
1215,1989,"(54, 69, 79)",5
1216,1989,"(92, 64, 51)",5
1217,1989,"(195, 195, 195)",5
1218,1989,"(114, 116, 114)",4
1219,1989,"(112, 128, 148)",3
1220,1989,"(185, 122, 87)",3
1221,1989,"(255, 255, 255)",2
1222,1989,"(149, 69, 53)",1
1223,1989,"(203, 228, 253)",1
1224,1990,"(195, 195, 195)",6
1225,1990,"(40, 40, 40)",5
1226,1990,"(149, 69, 53)",3
1227,1990,"(54, 69, 79)",2
1228,1990,"(92, 64, 51)",2
1229,1990,"(127, 127, 127)",2
1230,1990,"(185, 122, 87)",2
1231,1990,"(0, 0, 0)",1
1232,1990,"(105, 105, 105)",1
1233,1990,"(112, 128, 148)",1
1234,1990,"(112, 146, 190)",1
1235,1990,"(203, 228, 253)",1
1236,1990,"(239, 228, 176)",1
1237,1991,"(195, 195, 195)",8
1238,1991,"(127, 127, 127)",7
1239,1991,"(105, 105, 105)",5
1240,1991,"(40, 40, 40)",4
1241,1991,"(92, 64, 51)",3
1242,1991,"(185, 122, 87)",2
1243,1991,"(203, 228, 253)",2
1244,1991,"(239, 228, 176)",1
1245,1992,"(127, 127, 127)",7
1246,1992,"(195, 195, 195)",7
1247,1992,"(40, 40, 40)",4
1248,1992,"(54, 69, 79)",4
1249,1992,"(149, 69, 53)",4
1250,1992,"(105, 105, 105)",3
1251,1992,"(114, 116, 114)",2
1252,1992,"(185, 122, 87)",2
1253,1992,"(92, 64, 51)",1
1254,1992,"(200, 191, 231)",1
1255,1992,"(239, 228, 176)",1
1256,1993,"(195, 195, 195)",7
1257,1993,"(200, 191, 231)",3
1258,1993,"(54, 69, 79)",2
1259,1993,"(127, 127, 127)",2
1260,1993,"(92, 64, 51)",1
1261,1993,"(105, 105, 105)",1
1262,1993,"(114, 116, 114)",1
1263,1993,"(185, 122, 87)",1
1264,1993,"(239, 228, 176)",1
1265,1993,"(255, 127, 39)",1
1266,1994,"(195, 195, 195)",10
1267,1994,"(40, 40, 40)",6
1268,1994,"(203, 228, 253)",4
1269,1994,"(114, 116, 114)",3
1270,1994,"(255, 255, 255)",3
1271,1994,"(54, 69, 79)",2
1272,1994,"(149, 69, 53)",2
1273,1994,"(200, 191, 231)",2
1274,1994,"(92, 64, 51)",1
1275,1994,"(105, 105, 105)",1
1276,1994,"(127, 127, 127)",1
1277,1994,"(185, 122, 87)",1
1278,1995,"(127, 127, 127)",4
1279,1995,"(195, 195, 195)",4
1280,1995,"(105, 105, 105)",2
1281,1995,"(40, 40, 40)",1
1282,1995,"(54, 69, 79)",1
1283,1995,"(149, 69, 53)",1
1284,1995,"(185, 122, 87)",1
1285,1995,"(255, 127, 39)",1
1286,1995,"(255, 255, 255)",1
1287,1996,"(195, 195, 195)",5
1288,1996,"(40, 40, 40)",4
1289,1996,"(127, 127, 127)",4
1290,1996,"(185, 122, 87)",4
1291,1996,"(105, 105, 105)",2
1292,1996,"(112, 146, 190)",2
1293,1996,"(149, 69, 53)",2
1294,1996,"(203, 228, 253)",2
1295,1996,"(92, 64, 51)",1
1296,1996,"(112, 128, 148)",1
1297,1996,"(255, 127, 39)",1
1298,1997,"(195, 195, 195)",14
1299,1997,"(203, 228, 253)",5
1300,1997,"(40, 40, 40)",3
1301,1997,"(92, 64, 51)",3
1302,1997,"(127, 127, 127)",3
1303,1997,"(105, 105, 105)",2
1304,1997,"(114, 116, 114)",2
1305,1997,"(149, 69, 53)",2
1306,1997,"(185, 122, 87)",2
1307,1997,"(200, 191, 231)",2
1308,1997,"(255, 255, 255)",2
1309,1997,"(54, 69, 79)",1
1310,1997,"(112, 128, 148)",1
1311,1997,"(112, 146, 190)",1
1312,1997,"(239, 228, 176)",1
1313,1998,"(195, 195, 195)",3
1314,1998,"(105, 105, 105)",2
1315,1998,"(127, 127, 127)",2
1316,1998,"(203, 228, 253)",2
1317,1998,"(54, 69, 79)",1
1318,1998,"(112, 146, 190)",1
1319,1998,"(239, 228, 176)",1
1320,1999,"(40, 40, 40)",5
1321,1999,"(92, 64, 51)",2
1322,1999,"(127, 127, 127)",2
1323,1999,"(54, 69, 79)",1
1324,1999,"(105, 105, 105)",1
1325,1999,"(255, 255, 255)",1
1326,2000,"(195, 195, 195)",7
1327,2000,"(92, 64, 51)",6
1328,2000,"(127, 127, 127)",6
1329,2000,"(40, 40, 40)",4
1330,2000,"(203, 228, 253)",4
1331,2000,"(105, 105, 105)",3
1332,2000,"(54, 69, 79)",2
1333,2000,"(114, 116, 114)",2
1334,2000,"(149, 69, 53)",2
1335,2000,"(185, 122, 87)",2
1336,2000,"(200, 191, 231)",2
1337,2000,"(112, 128, 148)",1
1338,2000,"(239, 228, 176)",1
1339,2000,"(255, 174, 201)",1
1340,2000,"(255, 255, 255)",1
1341,2001,"(195, 195, 195)",15
1342,2001,"(105, 105, 105)",5
1343,2001,"(54, 69, 79)",3
1344,2001,"(127, 127, 127)",3
1345,2001,"(92, 64, 51)",2
1346,2001,"(114, 116, 114)",2
1347,2001,"(203, 228, 253)",2
1348,2001,"(40, 40, 40)",1
1349,2001,"(112, 128, 148)",1
1350,2001,"(136, 0, 21)",1
1351,2001,"(239, 228, 176)",1
1352,2002,"(195, 195, 195)",10
1353,2002,"(127, 127, 127)",5
1354,2002,"(92, 64, 51)",4
1355,2002,"(40, 40, 40)",3
1356,2002,"(105, 105, 105)",3
1357,2002,"(149, 69, 53)",3
1358,2002,"(54, 69, 79)",2
1359,2002,"(114, 116, 114)",2
1360,2002,"(112, 128, 148)",1
1361,2002,"(112, 146, 190)",1
1362,2002,"(185, 122, 87)",1
1363,2002,"(203, 228, 253)",1
1364,2003,"(195, 195, 195)",5
1365,2003,"(127, 127, 127)",3
1366,2003,"(203, 228, 253)",3
1367,2003,"(105, 105, 105)",2
1368,2003,"(185, 122, 87)",2
1369,2003,"(40, 40, 40)",1
1370,2003,"(92, 64, 51)",1
1371,2003,"(112, 128, 148)",1
1372,2003,"(114, 116, 114)",1
1373,2003,"(200, 191, 231)",1
1374,2004,"(40, 40, 40)",6
1375,2004,"(127, 127, 127)",6
1376,2004,"(92, 64, 51)",4
1377,2004,"(195, 195, 195)",4
1378,2004,"(185, 122, 87)",2
1379,2004,"(0, 0, 0)",1
1380,2004,"(54, 69, 79)",1
1381,2004,"(105, 105, 105)",1
1382,2004,"(149, 69, 53)",1
1383,2004,"(200, 191, 231)",1
1384,2004,"(255, 255, 255)",1
1385,2005,"(127, 127, 127)",18
1386,2005,"(195, 195, 195)",16
1387,2005,"(105, 105, 105)",15
1388,2005,"(40, 40, 40)",5
1389,2005,"(54, 69, 79)",5
1390,2005,"(92, 64, 51)",5
1391,2005,"(255, 255, 255)",4
1392,2005,"(114, 116, 114)",3
1393,2005,"(185, 122, 87)",3
1394,2005,"(112, 128, 148)",2
1395,2005,"(203, 228, 253)",2
1396,2005,"(181, 230, 29)",1
1397,2005,"(239, 228, 176)",1
1398,2006,"(92, 64, 51)",4
1399,2006,"(54, 69, 79)",3
1400,2006,"(200, 191, 231)",3
1401,2006,"(40, 40, 40)",2
1402,2006,"(114, 116, 114)",2
1403,2006,"(127, 127, 127)",2
1404,2006,"(195, 195, 195)",2
1405,2006,"(255, 255, 255)",2
1406,2006,"(0, 0, 0)",1
1407,2006,"(105, 105, 105)",1
1408,2006,"(149, 69, 53)",1
1409,2006,"(239, 228, 176)",1
1410,2007,"(54, 69, 79)",4
1411,2007,"(185, 122, 87)",4
1412,2007,"(195, 195, 195)",3
1413,2007,"(127, 127, 127)",2
1414,2007,"(92, 64, 51)",1
1415,2007,"(105, 105, 105)",1
1416,2007,"(114, 116, 114)",1
1417,2008,"(195, 195, 195)",18
1418,2008,"(40, 40, 40)",16
1419,2008,"(127, 127, 127)",10
1420,2008,"(203, 228, 253)",9
1421,2008,"(54, 69, 79)",8
1422,2008,"(114, 116, 114)",8
1423,2008,"(239, 228, 176)",7
1424,2008,"(92, 64, 51)",3
1425,2008,"(105, 105, 105)",2
1426,2008,"(200, 191, 231)",2
1427,2008,"(0, 0, 0)",1
1428,2009,"(195, 195, 195)",6
1429,2009,"(105, 105, 105)",4
1430,2009,"(40, 40, 40)",3
1431,2009,"(54, 69, 79)",3
1432,2009,"(127, 127, 127)",3
1433,2009,"(255, 255, 255)",3
1434,2009,"(114, 116, 114)",2
1435,2009,"(185, 122, 87)",2
1436,2009,"(112, 146, 190)",1
1437,2009,"(200, 191, 231)",1
1438,2010,"(185, 122, 87)",5
1439,2010,"(54, 69, 79)",4
1440,2010,"(127, 127, 127)",4
1441,2010,"(195, 195, 195)",4
1442,2010,"(92, 64, 51)",3
1443,2010,"(40, 40, 40)",2
1444,2010,"(105, 105, 105)",2
1445,2010,"(149, 69, 53)",2
1446,2010,"(114, 116, 114)",1
1447,2010,"(239, 228, 176)",1
1448,2011,"(255, 255, 255)",13
1449,2011,"(195, 195, 195)",9
1450,2011,"(105, 105, 105)",6
1451,2011,"(127, 127, 127)",6
1452,2011,"(203, 228, 253)",4
1453,2011,"(54, 69, 79)",3
1454,2011,"(92, 64, 51)",2
1455,2011,"(200, 191, 231)",2
1456,2011,"(40, 40, 40)",1
1457,2011,"(112, 128, 148)",1
1458,2011,"(185, 122, 87)",1
1459,2012,"(127, 127, 127)",5
1460,2012,"(195, 195, 195)",3
1461,2012,"(105, 105, 105)",2
1462,2012,"(255, 255, 255)",2
1463,2012,"(54, 69, 79)",1
1464,2012,"(92, 64, 51)",1
1465,2012,"(114, 116, 114)",1
1466,2012,"(200, 191, 231)",1
1467,2013,"(195, 195, 195)",15
1468,2013,"(105, 105, 105)",7
1469,2013,"(127, 127, 127)",7
1470,2013,"(40, 40, 40)",6
1471,2013,"(92, 64, 51)",6
1472,2013,"(185, 122, 87)",4
1473,2013,"(54, 69, 79)",3
1474,2013,"(149, 69, 53)",2
1475,2013,"(255, 255, 255)",2
1476,2013,"(153, 217, 234)",1
1477,2013,"(200, 191, 231)",1
1478,2013,"(203, 228, 253)",1
1479,2013,"(239, 228, 176)",1
1480,2014,"(127, 127, 127)",5
1481,2014,"(40, 40, 40)",4
1482,2014,"(54, 69, 79)",4
1483,2014,"(105, 105, 105)",4
1484,2014,"(195, 195, 195)",4
1485,2014,"(112, 146, 190)",2
1486,2014,"(239, 228, 176)",2
1487,2014,"(114, 116, 114)",1
1488,2014,"(185, 122, 87)",1
1489,2014,"(203, 228, 253)",1
1490,2015,"(195, 195, 195)",7
1491,2015,"(92, 64, 51)",3
1492,2015,"(185, 122, 87)",3
1493,2015,"(239, 228, 176)",3
1494,2015,"(127, 127, 127)",2
1495,2015,"(40, 40, 40)",1
1496,2015,"(54, 69, 79)",1
1497,2015,"(112, 128, 148)",1
1498,2015,"(114, 116, 114)",1
1499,2015,"(149, 69, 53)",1
1500,2015,"(203, 228, 253)",1
1501,2016,"(127, 127, 127)",2
1502,2016,"(40, 40, 40)",1
1503,2016,"(105, 105, 105)",1
1504,2016,"(153, 217, 234)",1
1505,2016,"(185, 122, 87)",1
1506,2016,"(195, 195, 195)",1
1507,2016,"(239, 228, 176)",1
1508,2017,"(127, 127, 127)",8
1509,2017,"(195, 195, 195)",8
1510,2017,"(54, 69, 79)",5
1511,2017,"(40, 40, 40)",4
1512,2017,"(105, 105, 105)",2
1513,2017,"(200, 191, 231)",2
1514,2017,"(92, 64, 51)",1
1515,2017,"(112, 128, 148)",1
1516,2017,"(112, 146, 190)",1
1517,2017,"(149, 69, 53)",1
1518,2017,"(185, 122, 87)",1
1519,2017,"(203, 228, 253)",1
1520,2017,"(239, 228, 176)",1
1521,2018,"(185, 122, 87)",3
1522,2018,"(40, 40, 40)",2
1523,2018,"(54, 69, 79)",2
1524,2018,"(63, 72, 204)",1
1525,2018,"(127, 127, 127)",1
1526,2018,"(136, 0, 21)",1
1527,2018,"(239, 228, 176)",1
1528,2018,"(255, 255, 255)",1
1529,2019,"(185, 122, 87)",3
1530,2019,"(54, 69, 79)",1
1531,2019,"(105, 105, 105)",1
1532,2019,"(112, 128, 148)",1
1533,2019,"(112, 146, 190)",1
1534,2019,"(195, 195, 195)",1
1535,2020,"(92, 64, 51)",6
1536,2020,"(195, 195, 195)",5
1537,2020,"(112, 128, 148)",4
1538,2020,"(112, 146, 190)",4
1539,2020,"(114, 116, 114)",3
1540,2020,"(105, 105, 105)",2
1541,2020,"(127, 127, 127)",2
1542,2020,"(185, 122, 87)",2
1543,2020,"(0, 0, 0)",1
1544,2020,"(40, 40, 40)",1
1545,2020,"(54, 69, 79)",1
1546,2020,"(153, 217, 234)",1
1547,2021,"(195, 195, 195)",3
1548,2021,"(127, 127, 127)",2
1549,2021,"(255, 255, 255)",2
1550,2021,"(40, 40, 40)",1
1551,2021,"(92, 64, 51)",1
1552,2021,"(105, 105, 105)",1
1553,2021,"(185, 122, 87)",1
1554,2021,"(239, 228, 176)",1
