[
    {
        "name": "Ivan Aivazovsky",
        "lifePeriods": [
            {
                "start": 1817,
                "end": 1833,
                "happiness": 6,
                "location": "Feodosia",
                "events": [
                    "Started attending the town’s elementary school"
                ]
            },
            {
                "start": 1833,
                "end": 1837,
                "happiness": 7,
                "location": "Saint Petersburg",
                "events": [
                    "Studied art at the Imperial Academy of Arts"
                ]
            },
            {
                "start": 1837,
                "end": 1840,
                "happiness": 8,
                "location": "Europe",
                "events": [
                    "Traveled through Europe",
                    "Painted several of his best-known classic seascapes in Italy and Turkey"
                ]
            },
            {
                "start": 1840,
                "end": 1850,
                "happiness": 8,
                "location": "Feodosia",
                "events": [
                    "Returned to Feodosia and opened an art school",
                    "Elected an Academician of the Imperial Academy of Arts"
                ]
            },
            {
                "start": 1850,
                "end": 1860,
                "happiness": 7,
                "location": "Feodosia",
                "events": [
                    "Married English woman Julia Graves",
                    "Several of his loved ones died during this period"
                ]
            },
            {
                "start": 1860,
                "end": 1870,
                "happiness": 6,
                "location": "Feodosia",
                "events": [
                    "Continued to paint and exhibit his work"
                ]
            },
            {
                "start": 1870,
                "end": 1880,
                "happiness": 7,
                "location": "Feodosia",
                "events": [
                    "Elected the President of the Imperial Academy of Arts"
                ]
            },
            {
                "start": 1880,
                "end": 1890,
                "happiness": 7,
                "location": "Feodosia",
                "events": [
                    "Produced many of his most recognized maritime and seascapes"
                ]
            },
            {
                "start": 1890,
                "end": 1900,
                "happiness": 5,
                "location": "Feodosia",
                "events": [
                    "Suffered from heart disease",
                    "Continued to paint, despite his ill health"
                ]
            }
        ],
        "genre": [
            "Romanticism",
            "Marine art"
        ]
    }
]