[
    {
        "name": "Rembrandt",
        "lifePeriods": [
            {
                "start": 1606,
                "end": 1631,
                "happiness": 5,
                "location": "Leiden, Netherlands",
                "events": [
                    "studied at Latin school and then at the University of Leiden"
                ]
            },
            {
                "start": 1631,
                "end": 1642,
                "happiness": 7,
                "location": "Amsterdam, Netherlands",
                "events": [
                    "married Saskia van Uylenburgh",
                    "achieved financial success"
                ]
            },
            {
                "start": 1642,
                "end": 1656,
                "happiness": 4,
                "location": "Amsterdam, Netherlands",
                "events": [
                    "death of his wife",
                    "declared bankruptcy"
                ]
            },
            {
                "start": 1656,
                "end": 1669,
                "happiness": 3,
                "location": "Amsterdam, Netherlands",
                "events": [
                    "lived and worked in near poverty",
                    "death of his son Titus"
                ]
            }
        ],
        "genre": [
            "Portrait",
            "Self-Portrait",
            "Historical"
        ]
    }
]