[
    {
        "name": "Vincent Van Gogh",
        "lifePeriods": [
            {
                "start": 1853, "end": 1861, "happiness": 5,
                "location": "Groot-Zundert, Netherlands",
                "events": ["Born to Theodorus van Gogh and Anna Cornelia Carbentus"]
            },
            {
                "start": 1861,
                "end": 1864,
                "happiness": 5,
                "location": "Zeve, Netherlands",
                "events": [
                    "Moved with his family to Zeven"
                ]
            },
            {
                "start": 1869,
                "end": 1876,
                "happiness": 7,
                "location": "The Hague, Netherlands",
                "events": [
                    "Started working at the art dealership Goupil & Co.",
                    "Moved to London, England in 1873",
                    "Dismissed from his job in 1876"
                ]
            },
            {
                "start": 1880,
                "end": 1885,
                "happiness": 5,
                "location": "The Hague, Netherlands",
                "events": [
                    "Decided to become an artist",
                    "Painted 'The Potato Eaters' in 1885"
                ]
            },
            {
                "start": 1886,
                "end": 1888,
                "happiness": 7,
                "location": "Paris, France",
                "events": [
                    "Met other artists such as Henri de Toulouse-Lautrec and Paul Gauguin",
                    "His style became more vibrant and bold under their influence"
                ]
            },
            {
                "start": 1888,
                "end": 1890,
                "happiness": 3,
                "location": "Arles, France",
                "events": [
                    "Started his most creative period but also suffered mental illnesses",
                    "Self-mutilated his ear after an argument with Gauguin",
                    "Admitted to a mental health asylum",
                    "Committed suicide"
                ]
            }
        ],
        "genre": [
            "Post-Impressionism",
            "Symbolism"
        ]
    }
]