[
	{
		"name": "Hans Behrendt",
		"lifePeriods": [
			{
				"start": 1889,
				"end": 1914,
				"happiness": 5,
				"location": "Berlin, Germany",
				"events": []
			},
			{
				"start": 1914,
				"end": 1918,
				"happiness": 3,
				"location": "Europe",
				"events": [
					"participated in World War I"
				]
			},
			{
				"start": 1918,
				"end": 1939,
				"happiness": 7,
				"location": "Berlin, Germany",
				"events": [
					"established himself as a film director"
				]
			},
			{
				"start": 1939,
				"end": 1945,
				"happiness": 1,
				"location": "Europe",
				"events": [
					"Caught and killed in the Holocaust"
				]
			}
		],
		"genre": [
			"silent film",
			"drama"
		]
	}
]