[
	{
		"name": "Hendrikus Th. Wijdeveld",
		"lifePeriods": [
			{
				"start": 1885,
				"end": 1918,
				"happiness": 6,
				"location": "Amsterdam, Netherlands",
				"events": [
					"Started working as an architect"
				]
			},
			{
				"start": 1918,
				"end": 1987,
				"happiness": 7,
				"location": "Amsterdam, Netherlands",
				"events": [
					"Founded the magazine 'Wendingen'",
					"Completed the Peace Palace design in Hague"
				]
			}
		],
		"genre": [
			"Architectural design",
			"Art magazine editor"
		]
	}
]