[
	{
		"name": "Henri Evenepoel",
		"lifePeriods": [
			{
				"start": 1872,
				"end": 1899,
				"happiness": 4,
				"location": "Nice, France",
				"events": [
					"Born in Nice"
				]
			},
			{
				"start": 1893,
				"end": 1894,
				"happiness": 6,
				"location": "Brussels, Belgium",
				"events": [
					"Studied at the Académie Royale des Beaux-Arts"
				]
			},
			{
				"start": 1894,
				"end": 1897,
				"happiness": 5,
				"location": "Paris, France",
				"events": [
					"Joined the atelier of Gustave Moreau and met many future Fauvist painters",
					"Impressed Moreau with his talent"
				]
			},
			{
				"start": 1897,
				"end": 1899,
				"happiness": 5,
				"location": "Paris, France",
				"events": [
					"Exhibited his work in the Salon des Indépendants",
					"Shared a studio with fellow Belgian artist Théo van Rysselberghe"
				]
			}
		],
		"genre": [
			"Post-Impressionism",
			"Realism"
		]
	}
]