[
	{
		"name": "Werner Drewes",
		"lifePeriods": [
			{
				"start": 1899,
				"end": 1921,
				"happiness": 5,
				"location": "Canig, Germany",
				"events": [
					"grew up in a rural environment"
				]
			},
			{
				"start": 1921,
				"end": 1927,
				"happiness": 7,
				"location": "Weimar, Germany",
				"events": [
					"studied at the Bauhaus",
					"traveled the world"
				]
			},
			{
				"start": 1927,
				"end": 1930,
				"happiness": 4,
				"location": "Berlin, Germany",
				"events": [
					"worked as a freelance artist",
					"faced the rise of Nazism"
				]
			},
			{
				"start": 1930,
				"end": 1965,
				"happiness": 8,
				"location": "New York, USA",
				"events": [
					"emigrated to the USA",
					"found success as a printmaker"
				]
			},
			{
				"start": 1965,
				"end": 1985,
				"happiness": 6,
				"location": "Reston, Virginia, USA",
				"events": [
					"retired",
					"continued to create art until his death"
				]
			}
		],
		"genre": [
			"Abstract art",
			"Printmaking",
			"Painting"
		]
	}
]